{
  "interactionModel": {
    "languageModel": {
      "invocationName": "iot light",
      "intents": [
        {
          "name": "AMAZON.CancelIntent",
          "samples": []
        },
        {
          "name": "AMAZON.HelpIntent",
          "samples": []
        },
        {
          "name": "AMAZON.StopIntent",
          "samples": []
        },
        {
          "name": "AMAZON.NavigateHomeIntent",
          "samples": []
        },
        {
          "name": "LightOnIntent",
          "slots": [],
          "samples": [
            "on the light",
            "turn on the bulb",
            "turn on bulb",
            "turn on the device",
            "turn on light",
            "on light",
            "light on",
            "turn on the light"
          ]
        },
        {
          "name": "LightOffIntent",
          "slots": [],
          "samples": [
            "turn off bulb",
            "turn off device",
            "turn off the bulb",
            "turn of light",
            "light off",
            "off light",
            "turn off light",
            "turn off the light"
          ]
        },
        {
          "name": "DidNotUnderstandIntent",
          "slots": [],
          "samples": [
            "kdsnv",
            "ksdnv ksdnv ",
            "knijdsm ",
            "s chjnfcemoifueflk",
            "jvnkfoihsub vovj",
            "sfbscs cmsgfekhgke",
            "jdsvbkjdvheiwsiflrnkg",
            "vsdjcgyysfvd fjcesgfiu",
            "ijnfvbuydgvhb dh",
            "jugfcvhjkmnbvcfgy",
            "qaszxcdfvbhjm",
            "zxcvbnm",
            "lkjhgfds",
            "ertyui",
            " mpjsdbnvk",
            "vnvb nvjodnv ",
            "hgyuikjn",
            "ddhfjdbvdbvjkdbv",
            "dcdsgvkhdkgukdfbgi"
          ]
        }
      ],
      "types": []
    }
  },
  "version": "6"
}