{
  "interactionModel": {
    "languageModel": {
      "invocationName": "मेरी लाइट ओपन करो",
      "intents": [
        {
          "name": "AMAZON.CancelIntent",
          "samples": []
        },
        {
          "name": "AMAZON.HelpIntent",
          "samples": []
        },
        {
          "name": "AMAZON.StopIntent",
          "samples": []
        },
        {
          "name": "AMAZON.NavigateHomeIntent",
          "samples": []
        },
        {
          "name": "LightOnIntent",
          "slots": [],
          "samples": [
            "लाइट चालू  करे",
            "चालू कीजिये",
            "चालू  करे",
            "लाइट चालू कीजिये"
          ]
        },
        {
          "name": "LightOffIntent",
          "slots": [],
          "samples": [
            "बंध कीजिये",
            "लाइट बंध करो",
            "लाइट बंध करे",
            "लाइट बंध कीजिये"
          ]
        },
        {
          "name": "DidNotUnderstandIntent",
          "slots": [],
          "samples": [
            "वपूपनरनह",
            "जदगरसलुि्ं",
            "निुववहरस",
            "तगरपल न",
            "सकतदगहबुिम",
            "दगरपनम",
            "जदगहबू",
            "तकजगदह",
            "वपर्नबहपवरव",
            "नवरनवक्वनह्ुन",
            "न वनरिवनग्नग",
            "नवरिनविरवक",
            "रिकिलिल"
          ]
        }
      ],
      "types": []
    }
  },
  "version": "4"
}