[
  {
    "id": "2522cf55-474f-46a8-a148-78473285188f",
    "data": [
      {
        "text": "आउट",
        "userDefined": false
      }
    ],
    "isTemplate": false,
    "count": 0,
    "updated": 0
  },
  {
    "id": "883396c3-e5ba-45e6-ad7f-4c58b193975b",
    "data": [
      {
        "text": "निकल जाओ यहा से।",
        "userDefined": false
      }
    ],
    "isTemplate": false,
    "count": 0,
    "updated": 0
  },
  {
    "id": "3dad3462-6c47-46b8-87bc-3369387d4b12",
    "data": [
      {
        "text": "सुक्रिया",
        "userDefined": false
      }
    ],
    "isTemplate": false,
    "count": 0,
    "updated": 0
  },
  {
    "id": "07318cb8-e3ea-4b50-b5bc-286bd7c43a2b",
    "data": [
      {
        "text": "शुक्रिया",
        "userDefined": false
      }
    ],
    "isTemplate": false,
    "count": 0,
    "updated": 0
  },
  {
    "id": "96db8821-0e13-4393-87c2-7685d75c9ef7",
    "data": [
      {
        "text": "बाय बाय",
        "userDefined": false
      }
    ],
    "isTemplate": false,
    "count": 0,
    "updated": 0
  },
  {
    "id": "ff9ccf8b-e385-4c21-84ee-4bc1ef084fa7",
    "data": [
      {
        "text": "ठीक है। बहार निकलो",
        "userDefined": false
      }
    ],
    "isTemplate": false,
    "count": 0,
    "updated": 0
  },
  {
    "id": "71a56fdb-8850-4325-b6f7-1fc2103b380d",
    "data": [
      {
        "text": "ठीक है।",
        "userDefined": false
      }
    ],
    "isTemplate": false,
    "count": 0,
    "updated": 0
  },
  {
    "id": "deba4b1f-31a7-4760-a79d-8cf8943d8639",
    "data": [
      {
        "text": "मदद करने के लिए शुक्रिया",
        "userDefined": false
      }
    ],
    "isTemplate": false,
    "count": 0,
    "updated": 0
  },
  {
    "id": "47cc0880-99cf-41b5-95f7-c71e0019859d",
    "data": [
      {
        "text": "इस सिस्टम से बहार निकलो",
        "userDefined": false
      }
    ],
    "isTemplate": false,
    "count": 0,
    "updated": 0
  },
  {
    "id": "e06b9f83-b60d-4a30-9f9d-af7dca662031",
    "data": [
      {
        "text": "ठीक है । तुम जाओ",
        "userDefined": false
      }
    ],
    "isTemplate": false,
    "count": 0,
    "updated": 0
  },
  {
    "id": "c08c47ed-ba90-4bec-99e8-5e6483c13c19",
    "data": [
      {
        "text": "तुम जाओ",
        "userDefined": false
      }
    ],
    "isTemplate": false,
    "count": 0,
    "updated": 0
  },
  {
    "id": "247ab29e-bd3e-47a4-815d-25710dd90050",
    "data": [
      {
        "text": "फिर मिलते है",
        "userDefined": false
      }
    ],
    "isTemplate": false,
    "count": 0,
    "updated": 0
  },
  {
    "id": "56463e35-680a-489a-885d-8ba9508424ae",
    "data": [
      {
        "text": "फिर मिलेंगे",
        "userDefined": false
      }
    ],
    "isTemplate": false,
    "count": 0,
    "updated": 0
  }
]