[
  {
    "id": "2c2e08ee-aeca-4371-a97a-69bbd9219b01",
    "data": [
      {
        "text": "चालू कीजिये",
        "alias": "LED",
        "meta": "@LED",
        "userDefined": false
      }
    ],
    "isTemplate": false,
    "count": 0,
    "updated": 0
  },
  {
    "id": "470f6cfe-7b56-4518-a2ca-648130325209",
    "data": [
      {
        "text": "चालू  करे",
        "alias": "LED",
        "meta": "@LED",
        "userDefined": false
      }
    ],
    "isTemplate": false,
    "count": 0,
    "updated": 0
  },
  {
    "id": "244873d0-a834-441f-9b1a-92c12a0a482f",
    "data": [
      {
        "text": "बंध करे",
        "alias": "LED",
        "meta": "@LED",
        "userDefined": false
      }
    ],
    "isTemplate": false,
    "count": 0,
    "updated": 0
  },
  {
    "id": "c6d174b8-e227-49f4-b834-5901c8634ff4",
    "data": [
      {
        "text": "लाइट ",
        "userDefined": false
      },
      {
        "text": "चालू  करे",
        "alias": "LED",
        "meta": "@LED",
        "userDefined": false
      }
    ],
    "isTemplate": false,
    "count": 0,
    "updated": 0
  },
  {
    "id": "7e550542-5f75-438c-b55c-0d3ebe5ec58a",
    "data": [
      {
        "text": "लाईट ",
        "userDefined": false
      },
      {
        "text": "बंध",
        "alias": "LED",
        "meta": "@LED",
        "userDefined": false
      },
      {
        "text": " करें",
        "userDefined": false
      }
    ],
    "isTemplate": false,
    "count": 0,
    "updated": 0
  },
  {
    "id": "717f1951-f235-4628-b2c7-afcac1a9489b",
    "data": [
      {
        "text": "लाइट ",
        "userDefined": false
      },
      {
        "text": "चालू कीजिये",
        "alias": "LED",
        "meta": "@LED",
        "userDefined": false
      }
    ],
    "isTemplate": false,
    "count": 0,
    "updated": 0
  },
  {
    "id": "93d7dd5a-15be-4c36-a2da-2545e112f410",
    "data": [
      {
        "text": "लाइट ",
        "userDefined": false
      },
      {
        "text": "बंध कीजिये",
        "alias": "LED",
        "meta": "@LED",
        "userDefined": false
      }
    ],
    "isTemplate": false,
    "count": 0,
    "updated": 0
  }
]