[
  {
    "id": "7698700a-7c5c-4c90-a12f-401dcd0070f7",
    "data": [
      {
        "text": "get out",
        "userDefined": false
      }
    ],
    "isTemplate": false,
    "count": 0,
    "updated": 0
  },
  {
    "id": "b5a4bdec-5f32-4e29-b90c-5a539ec0d6d0",
    "data": [
      {
        "text": "out",
        "userDefined": false
      }
    ],
    "isTemplate": false,
    "count": 0,
    "updated": 0
  },
  {
    "id": "21d871af-903c-4a07-8177-bd3ec48ac211",
    "data": [
      {
        "text": "thank you budyy",
        "userDefined": false
      }
    ],
    "isTemplate": false,
    "count": 0,
    "updated": 0
  },
  {
    "id": "485a4823-d570-4ea4-a5c1-ef91887cca3e",
    "data": [
      {
        "text": "ok bye thanks buddy.",
        "userDefined": false
      }
    ],
    "isTemplate": false,
    "count": 0,
    "updated": 0
  },
  {
    "id": "4277e31b-b5fb-406a-b3f4-21fd4bae4b0a",
    "data": [
      {
        "text": "ok  bye thank you",
        "userDefined": false
      }
    ],
    "isTemplate": false,
    "count": 0,
    "updated": 0
  },
  {
    "id": "44c87326-2c12-4fc1-91a4-0dfdd4e02b03",
    "data": [
      {
        "text": "close",
        "userDefined": false
      }
    ],
    "isTemplate": false,
    "count": 0,
    "updated": 0
  },
  {
    "id": "4d79b722-0447-4fdc-bc7b-900fe5e8ca14",
    "data": [
      {
        "text": "close the app",
        "userDefined": false
      }
    ],
    "isTemplate": false,
    "count": 0,
    "updated": 0
  },
  {
    "id": "fa50c834-156a-45a6-96bd-d5cd8b854cbc",
    "data": [
      {
        "text": "exit the app",
        "userDefined": false
      }
    ],
    "isTemplate": false,
    "count": 0,
    "updated": 0
  },
  {
    "id": "94d161c0-9357-493b-b12f-672369c42542",
    "data": [
      {
        "text": "we will talk later",
        "userDefined": false
      }
    ],
    "isTemplate": false,
    "count": 0,
    "updated": 0
  },
  {
    "id": "d4db4e39-5a2a-4e74-9aa3-092e76cac6c0",
    "data": [
      {
        "text": "ok see you again",
        "userDefined": false
      }
    ],
    "isTemplate": false,
    "count": 0,
    "updated": 0
  },
  {
    "id": "3e06c560-978f-4ef8-b675-0026f2c9e323",
    "data": [
      {
        "text": "thanks for helping me",
        "userDefined": false
      }
    ],
    "isTemplate": false,
    "count": 0,
    "updated": 0
  },
  {
    "id": "8c5078fc-c6ec-4ae6-ad1f-324420c41a8d",
    "data": [
      {
        "text": "ok thanks",
        "userDefined": false
      }
    ],
    "isTemplate": false,
    "count": 0,
    "updated": 0
  },
  {
    "id": "fbdab851-8d2a-4cad-8cac-edd40406cdc2",
    "data": [
      {
        "text": "thank you so much",
        "userDefined": false
      }
    ],
    "isTemplate": false,
    "count": 0,
    "updated": 0
  },
  {
    "id": "316ebce8-3814-4363-beb3-cee4825c4251",
    "data": [
      {
        "text": "thank you",
        "userDefined": false
      }
    ],
    "isTemplate": false,
    "count": 0,
    "updated": 0
  },
  {
    "id": "78946d95-463c-4046-915a-92cf2039585a",
    "data": [
      {
        "text": "bye bye",
        "userDefined": false
      }
    ],
    "isTemplate": false,
    "count": 0,
    "updated": 0
  },
  {
    "id": "e00e5e6e-82f4-461d-aa0c-4048cc3276ba",
    "data": [
      {
        "text": "exit",
        "userDefined": false
      }
    ],
    "isTemplate": false,
    "count": 0,
    "updated": 0
  },
  {
    "id": "dccaf235-ea5e-49ab-b802-d997893a02ec",
    "data": [
      {
        "text": "ok thanks bye",
        "userDefined": false
      }
    ],
    "isTemplate": false,
    "count": 0,
    "updated": 0
  },
  {
    "id": "acb95a7f-892c-44a9-ae53-9af129d8d90b",
    "data": [
      {
        "text": "ok leave",
        "userDefined": false
      }
    ],
    "isTemplate": false,
    "count": 0,
    "updated": 0
  }
]